Comunidades y Ciudades Autónomas;General, vivienda nueva y de segunda mano;Índices y tasas;Periodo;Total
Nacional;General;Media anual;2024;159,656.0
Nacional;General;Media anual;2023;147,282.0
Nacional;General;Media anual;2022;141,675.0
Nacional;General;Media anual;2021;131,928.0
Nacional;General;Media anual;2020;127,232.0
Nacional;General;Media anual;2019;124,597.0
Nacional;General;Media anual;2018;118,595.0
Nacional;General;Media anual;2017;111,137.0
Nacional;General;Media anual;2016;104,664.0
Nacional;General;Media anual;2015;100,0.0
Nacional;General;Media anual;2014;96,553.0
Nacional;General;Media anual;2013;96,266.0
Nacional;General;Media anual;2012;107,678.0
Nacional;General;Media anual;2011;124,829.0
Nacional;General;Media anual;2010;134,745.0
Nacional;General;Media anual;2009;137,483.0
Nacional;General;Media anual;2008;147,336.0
Nacional;General;Media anual;2007;149,599.0
Nacional;General;Variación anual;2024;8,4.0
Nacional;General;Variación anual;2023;4,0.0
Nacional;General;Variación anual;2022;7,4.0
Nacional;General;Variación anual;2021;3,7.0
Nacional;General;Variación anual;2020;2,1.0
Nacional;General;Variación anual;2019;5,1.0
Nacional;General;Variación anual;2018;6,7.0
Nacional;General;Variación anual;2017;6,2.0
Nacional;General;Variación anual;2016;4,7.0
Nacional;General;Variación anual;2015;3,6.0
Nacional;General;Variación anual;2014;0,3.0
Nacional;General;Variación anual;2013;-10,6.0
Nacional;General;Variación anual;2012;-13,7.0
Nacional;General;Variación anual;2011;-7,4.0
Nacional;General;Variación anual;2010;-2,0.0
Nacional;General;Variación anual;2009;-6,7.0
Nacional;General;Variación anual;2008;-1,5.0
Nacional;General;Variación anual;2007;9,8.0
Nacional;Vivienda nueva;Media anual;2024;185,503.0
Nacional;Vivienda nueva;Media anual;2023;167,333.0
Nacional;Vivienda nueva;Media anual;2022;154,902.0
Nacional;Vivienda nueva;Media anual;2021;143,531.0
Nacional;Vivienda nueva;Media anual;2020;137,198.0
Nacional;Vivienda nueva;Media anual;2019;128,829.0
Nacional;Vivienda nueva;Media anual;2018;120,43.0
Nacional;Vivienda nueva;Media anual;2017;112,843.0
Nacional;Vivienda nueva;Media anual;2016;106,523.0
Nacional;Vivienda nueva;Media anual;2015;100,0.0
Nacional;Vivienda nueva;Media anual;2014;95,477.0
Nacional;Vivienda nueva;Media anual;2013;94,657.0
Nacional;Vivienda nueva;Media anual;2012;105,662.0
Nacional;Vivienda nueva;Media anual;2011;120,465.0
Nacional;Vivienda nueva;Media anual;2010;127,30.0
Nacional;Vivienda nueva;Media anual;2009;130,501.0
Nacional;Vivienda nueva;Media anual;2008;136,132.0
Nacional;Vivienda nueva;Media anual;2007;130,657.0
Nacional;Vivienda nueva;Variación anual;2024;10,9.0
Nacional;Vivienda nueva;Variación anual;2023;8,0.0
Nacional;Vivienda nueva;Variación anual;2022;7,9.0
Nacional;Vivienda nueva;Variación anual;2021;4,6.0
Nacional;Vivienda nueva;Variación anual;2020;6,5.0
Nacional;Vivienda nueva;Variación anual;2019;7,3.0
Nacional;Vivienda nueva;Variación anual;2018;6,4.0
Nacional;Vivienda nueva;Variación anual;2017;5,9.0
Nacional;Vivienda nueva;Variación anual;2016;6,5.0
Nacional;Vivienda nueva;Variación anual;2015;4,7.0
Nacional;Vivienda nueva;Variación anual;2014;0,9.0
Nacional;Vivienda nueva;Variación anual;2013;-10,4.0
Nacional;Vivienda nueva;Variación anual;2012;-12,3.0
Nacional;Vivienda nueva;Variación anual;2011;-5,2.0
Nacional;Vivienda nueva;Variación anual;2010;-2,7.0
Nacional;Vivienda nueva;Variación anual;2009;-4,1.0
Nacional;Vivienda nueva;Variación anual;2008;4,2.0
Nacional;Vivienda nueva;Variación anual;2007;11,9.0
Nacional;Vivienda segunda mano;Media anual;2024;155,715.0
Nacional;Vivienda segunda mano;Media anual;2023;144,191.0
Nacional;Vivienda segunda mano;Media anual;2022;139,727.0
Nacional;Vivienda segunda mano;Media anual;2021;130,244.0
Nacional;Vivienda segunda mano;Media anual;2020;125,739.0
Nacional;Vivienda segunda mano;Media anual;2019;123,993.0
Nacional;Vivienda segunda mano;Media anual;2018;118,385.0
Nacional;Vivienda segunda mano;Media anual;2017;110,891.0
Nacional;Vivienda segunda mano;Media anual;2016;104,367.0
Nacional;Vivienda segunda mano;Media anual;2015;100,0.0
Nacional;Vivienda segunda mano;Media anual;2014;96,737.0
Nacional;Vivienda segunda mano;Media anual;2013;96,648.0
Nacional;Vivienda segunda mano;Media anual;2012;108,477.0
Nacional;Vivienda segunda mano;Media anual;2011;127,383.0
Nacional;Vivienda segunda mano;Media anual;2010;140,677.0
Nacional;Vivienda segunda mano;Media anual;2009;142,379.0
Nacional;Vivienda segunda mano;Media anual;2008;156,457.0
Nacional;Vivienda segunda mano;Media anual;2007;166,859.0
Nacional;Vivienda segunda mano;Variación anual;2024;8,0.0
Nacional;Vivienda segunda mano;Variación anual;2023;3,2.0
Nacional;Vivienda segunda mano;Variación anual;2022;7,3.0
Nacional;Vivienda segunda mano;Variación anual;2021;3,6.0
Nacional;Vivienda segunda mano;Variación anual;2020;1,4.0
Nacional;Vivienda segunda mano;Variación anual;2019;4,7.0
Nacional;Vivienda segunda mano;Variación anual;2018;6,8.0
Nacional;Vivienda segunda mano;Variación anual;2017;6,3.0
Nacional;Vivienda segunda mano;Variación anual;2016;4,4.0
Nacional;Vivienda segunda mano;Variación anual;2015;3,4.0
Nacional;Vivienda segunda mano;Variación anual;2014;0,1.0
Nacional;Vivienda segunda mano;Variación anual;2013;-10,9.0
Nacional;Vivienda segunda mano;Variación anual;2012;-14,8.0
Nacional;Vivienda segunda mano;Variación anual;2011;-9,4.0
Nacional;Vivienda segunda mano;Variación anual;2010;-1,2.0
Nacional;Vivienda segunda mano;Variación anual;2009;-9,0.0
Nacional;Vivienda segunda mano;Variación anual;2008;-6,2.0
Nacional;Vivienda segunda mano;Variación anual;2007;8,2.0
01 Andalucía;General;Media anual;2024;158,471.0
01 Andalucía;General;Media anual;2023;143,568.0
01 Andalucía;General;Media anual;2022;136,786.0
01 Andalucía;General;Media anual;2021;125,598.0
01 Andalucía;General;Media anual;2020;120,98.0
01 Andalucía;General;Media anual;2019;117,358.0
01 Andalucía;General;Media anual;2018;111,371.0
01 Andalucía;General;Media anual;2017;106,101.0
01 Andalucía;General;Media anual;2016;102,841.0
01 Andalucía;General;Media anual;2015;100,0.0
01 Andalucía;General;Media anual;2014;97,77.0
01 Andalucía;General;Media anual;2013;96,923.0
01 Andalucía;General;Media anual;2012;106,267.0
01 Andalucía;General;Media anual;2011;120,476.0
01 Andalucía;General;Media anual;2010;128,108.0
01 Andalucía;General;Media anual;2009;130,163.0
01 Andalucía;General;Media anual;2008;134,534.0
01 Andalucía;General;Media anual;2007;131,927.0
01 Andalucía;General;Variación anual;2024;10,4.0
01 Andalucía;General;Variación anual;2023;5,0.0
01 Andalucía;General;Variación anual;2022;8,9.0
01 Andalucía;General;Variación anual;2021;4,6.0
01 Andalucía;General;Variación anual;2020;2,3.0
01 Andalucía;General;Variación anual;2019;5,4.0
01 Andalucía;General;Variación anual;2018;5,0.0
01 Andalucía;General;Variación anual;2017;3,2.0
01 Andalucía;General;Variación anual;2016;2,8.0
01 Andalucía;General;Variación anual;2015;3,0.0
01 Andalucía;General;Variación anual;2014;0,2.0
01 Andalucía;General;Variación anual;2013;-8,8.0
01 Andalucía;General;Variación anual;2012;-11,8.0
01 Andalucía;General;Variación anual;2011;-6,0.0
01 Andalucía;General;Variación anual;2010;-1,6.0
01 Andalucía;General;Variación anual;2009;-3,2.0
01 Andalucía;General;Variación anual;2008;2,0.0
01 Andalucía;General;Variación anual;2007;12,7.0
01 Andalucía;Vivienda nueva;Media anual;2024;194,525.0
01 Andalucía;Vivienda nueva;Media anual;2023;170,568.0
01 Andalucía;Vivienda nueva;Media anual;2022;159,54.0
01 Andalucía;Vivienda nueva;Media anual;2021;145,31.0
01 Andalucía;Vivienda nueva;Media anual;2020;136,25.0
01 Andalucía;Vivienda nueva;Media anual;2019;126,701.0
01 Andalucía;Vivienda nueva;Media anual;2018;117,698.0
01 Andalucía;Vivienda nueva;Media anual;2017;111,437.0
01 Andalucía;Vivienda nueva;Media anual;2016;107,85.0
01 Andalucía;Vivienda nueva;Media anual;2015;100,0.0
01 Andalucía;Vivienda nueva;Media anual;2014;94,840.0
01 Andalucía;Vivienda nueva;Media anual;2013;93,426.0
01 Andalucía;Vivienda nueva;Media anual;2012;102,465.0
01 Andalucía;Vivienda nueva;Media anual;2011;113,785.0
01 Andalucía;Vivienda nueva;Media anual;2010;118,436.0
01 Andalucía;Vivienda nueva;Media anual;2009;120,657.0
01 Andalucía;Vivienda nueva;Media anual;2008;121,104.0
01 Andalucía;Vivienda nueva;Media anual;2007;113,469.0
01 Andalucía;Vivienda nueva;Variación anual;2024;14,0.0
01 Andalucía;Vivienda nueva;Variación anual;2023;7,2.0
01 Andalucía;Vivienda nueva;Variación anual;2022;9,7.0
01 Andalucía;Vivienda nueva;Variación anual;2021;6,6.0
01 Andalucía;Vivienda nueva;Variación anual;2020;7,4.0
01 Andalucía;Vivienda nueva;Variación anual;2019;7,6.0
01 Andalucía;Vivienda nueva;Variación anual;2018;5,6.0
01 Andalucía;Vivienda nueva;Variación anual;2017;4,1.0
01 Andalucía;Vivienda nueva;Variación anual;2016;7,1.0
01 Andalucía;Vivienda nueva;Variación anual;2015;5,4.0
01 Andalucía;Vivienda nueva;Variación anual;2014;1,5.0
01 Andalucía;Vivienda nueva;Variación anual;2013;-8,8.0
01 Andalucía;Vivienda nueva;Variación anual;2012;-9,9.0
01 Andalucía;Vivienda nueva;Variación anual;2011;-3,9.0
01 Andalucía;Vivienda nueva;Variación anual;2010;-1,8.0
01 Andalucía;Vivienda nueva;Variación anual;2009;-0,4.0
01 Andalucía;Vivienda nueva;Variación anual;2008;6,7.0
01 Andalucía;Vivienda nueva;Variación anual;2007;14,5.0
01 Andalucía;Vivienda segunda mano;Media anual;2024;153,771.0
01 Andalucía;Vivienda segunda mano;Media anual;2023;140,39.0
01 Andalucía;Vivienda segunda mano;Media anual;2022;134,100.0
01 Andalucía;Vivienda segunda mano;Media anual;2021;123,310.0
01 Andalucía;Vivienda segunda mano;Media anual;2020;118,184.0
01 Andalucía;Vivienda segunda mano;Media anual;2019;116,275.0
01 Andalucía;Vivienda segunda mano;Media anual;2018;110,605.0
01 Andalucía;Vivienda segunda mano;Media anual;2017;105,431.0
01 Andalucía;Vivienda segunda mano;Media anual;2016;102,266.0
01 Andalucía;Vivienda segunda mano;Media anual;2015;100,0.0
01 Andalucía;Vivienda segunda mano;Media anual;2014;97,401.0
01 Andalucía;Vivienda segunda mano;Media anual;2013;97,546.0
01 Andalucía;Vivienda segunda mano;Media anual;2012;106,874.0
01 Andalucía;Vivienda segunda mano;Media anual;2011;123,379.0
01 Andalucía;Vivienda segunda mano;Media anual;2010;134,273.0
01 Andalucía;Vivienda segunda mano;Media anual;2009;135,948.0
01 Andalucía;Vivienda segunda mano;Media anual;2008;145,55.0
01 Andalucía;Vivienda segunda mano;Media anual;2007;148,618.0
01 Andalucía;Vivienda segunda mano;Variación anual;2024;9,8.0
01 Andalucía;Vivienda segunda mano;Variación anual;2023;4,4.0
01 Andalucía;Vivienda segunda mano;Variación anual;2022;8,8.0
01 Andalucía;Vivienda segunda mano;Variación anual;2021;4,3.0
01 Andalucía;Vivienda segunda mano;Variación anual;2020;1,6.0
01 Andalucía;Vivienda segunda mano;Variación anual;2019;5,1.0
01 Andalucía;Vivienda segunda mano;Variación anual;2018;4,9.0
01 Andalucía;Vivienda segunda mano;Variación anual;2017;3,1.0
01 Andalucía;Vivienda segunda mano;Variación anual;2016;2,3.0
01 Andalucía;Vivienda segunda mano;Variación anual;2015;2,7.0
01 Andalucía;Vivienda segunda mano;Variación anual;2014;-0,1.0
01 Andalucía;Vivienda segunda mano;Variación anual;2013;-8,7.0
01 Andalucía;Vivienda segunda mano;Variación anual;2012;-13,4.0
01 Andalucía;Vivienda segunda mano;Variación anual;2011;-8,1.0
01 Andalucía;Vivienda segunda mano;Variación anual;2010;-1,2.0
01 Andalucía;Vivienda segunda mano;Variación anual;2009;-6,3.0
01 Andalucía;Vivienda segunda mano;Variación anual;2008;-2,4.0
01 Andalucía;Vivienda segunda mano;Variación anual;2007;11,1.0
02 Aragón;General;Media anual;2024;151,38.0
02 Aragón;General;Media anual;2023;137,114.0
02 Aragón;General;Media anual;2022;131,960.0
02 Aragón;General;Media anual;2021;124,19.0
02 Aragón;General;Media anual;2020;119,487.0
02 Aragón;General;Media anual;2019;116,513.0
02 Aragón;General;Media anual;2018;109,837.0
02 Aragón;General;Media anual;2017;104,788.0
02 Aragón;General;Media anual;2016;101,896.0
02 Aragón;General;Media anual;2015;100,0.0
02 Aragón;General;Media anual;2014;99,157.0
02 Aragón;General;Media anual;2013;101,492.0
02 Aragón;General;Media anual;2012;116,262.0
02 Aragón;General;Media anual;2011;135,826.0
02 Aragón;General;Media anual;2010;147,964.0
02 Aragón;General;Media anual;2009;156,466.0
02 Aragón;General;Media anual;2008;171,550.0
02 Aragón;General;Media anual;2007;176,744.0
02 Aragón;General;Variación anual;2024;10,2.0
02 Aragón;General;Variación anual;2023;3,9.0
02 Aragón;General;Variación anual;2022;6,4.0
02 Aragón;General;Variación anual;2021;3,8.0
02 Aragón;General;Variación anual;2020;2,6.0
02 Aragón;General;Variación anual;2019;6,1.0
02 Aragón;General;Variación anual;2018;4,8.0
02 Aragón;General;Variación anual;2017;2,8.0
02 Aragón;General;Variación anual;2016;1,9.0
02 Aragón;General;Variación anual;2015;0,9.0
02 Aragón;General;Variación anual;2014;-2,3.0
02 Aragón;General;Variación anual;2013;-12,7.0
02 Aragón;General;Variación anual;2012;-14,4.0
02 Aragón;General;Variación anual;2011;-8,2.0
02 Aragón;General;Variación anual;2010;-5,4.0
02 Aragón;General;Variación anual;2009;-8,8.0
02 Aragón;General;Variación anual;2008;-2,9.0
02 Aragón;General;Variación anual;2007;5,8.0
02 Aragón;Vivienda nueva;Media anual;2024;168,332.0
02 Aragón;Vivienda nueva;Media anual;2023;149,493.0
02 Aragón;Vivienda nueva;Media anual;2022;136,464.0
02 Aragón;Vivienda nueva;Media anual;2021;126,828.0
02 Aragón;Vivienda nueva;Media anual;2020;122,864.0
02 Aragón;Vivienda nueva;Media anual;2019;118,116.0
02 Aragón;Vivienda nueva;Media anual;2018;110,383.0
02 Aragón;Vivienda nueva;Media anual;2017;107,455.0
02 Aragón;Vivienda nueva;Media anual;2016;104,105.0
02 Aragón;Vivienda nueva;Media anual;2015;100,0.0
02 Aragón;Vivienda nueva;Media anual;2014;98,504.0
02 Aragón;Vivienda nueva;Media anual;2013;100,249.0
02 Aragón;Vivienda nueva;Media anual;2012;115,848.0
02 Aragón;Vivienda nueva;Media anual;2011;133,54.0
02 Aragón;Vivienda nueva;Media anual;2010;141,235.0
02 Aragón;Vivienda nueva;Media anual;2009;151,657.0
02 Aragón;Vivienda nueva;Media anual;2008;160,401.0
02 Aragón;Vivienda nueva;Media anual;2007;156,152.0
02 Aragón;Vivienda nueva;Variación anual;2024;12,6.0
02 Aragón;Vivienda nueva;Variación anual;2023;9,5.0
02 Aragón;Vivienda nueva;Variación anual;2022;7,6.0
02 Aragón;Vivienda nueva;Variación anual;2021;3,2.0
02 Aragón;Vivienda nueva;Variación anual;2020;4,0.0
02 Aragón;Vivienda nueva;Variación anual;2019;7,0.0
02 Aragón;Vivienda nueva;Variación anual;2018;2,7.0
02 Aragón;Vivienda nueva;Variación anual;2017;3,2.0
02 Aragón;Vivienda nueva;Variación anual;2016;4,1.0
02 Aragón;Vivienda nueva;Variación anual;2015;1,5.0
02 Aragón;Vivienda nueva;Variación anual;2014;-1,7.0
02 Aragón;Vivienda nueva;Variación anual;2013;-13,5.0
02 Aragón;Vivienda nueva;Variación anual;2012;-12,9.0
02 Aragón;Vivienda nueva;Variación anual;2011;-5,8.0
02 Aragón;Vivienda nueva;Variación anual;2010;-6,9.0
02 Aragón;Vivienda nueva;Variación anual;2009;-5,5.0
02 Aragón;Vivienda nueva;Variación anual;2008;2,7.0
02 Aragón;Vivienda nueva;Variación anual;2007;8,6.0
02 Aragón;Vivienda segunda mano;Media anual;2024;146,652.0
02 Aragón;Vivienda segunda mano;Media anual;2023;133,889.0
02 Aragón;Vivienda segunda mano;Media anual;2022;130,684.0
02 Aragón;Vivienda segunda mano;Media anual;2021;123,266.0
02 Aragón;Vivienda segunda mano;Media anual;2020;118,566.0
02 Aragón;Vivienda segunda mano;Media anual;2019;116,105.0
02 Aragón;Vivienda segunda mano;Media anual;2018;109,708.0
02 Aragón;Vivienda segunda mano;Media anual;2017;104,290.0
02 Aragón;Vivienda segunda mano;Media anual;2016;101,441.0
02 Aragón;Vivienda segunda mano;Media anual;2015;100,0.0
02 Aragón;Vivienda segunda mano;Media anual;2014;99,331.0
02 Aragón;Vivienda segunda mano;Media anual;2013;101,888.0
02 Aragón;Vivienda segunda mano;Media anual;2012;116,301.0
02 Aragón;Vivienda segunda mano;Media anual;2011;137,634.0
02 Aragón;Vivienda segunda mano;Media anual;2010;154,28.0
02 Aragón;Vivienda segunda mano;Media anual;2009;159,487.0
02 Aragón;Vivienda segunda mano;Media anual;2008;181,713.0
02 Aragón;Vivienda segunda mano;Media anual;2007;198,144.0
02 Aragón;Vivienda segunda mano;Variación anual;2024;9,5.0
02 Aragón;Vivienda segunda mano;Variación anual;2023;2,5.0
02 Aragón;Vivienda segunda mano;Variación anual;2022;6,0.0
02 Aragón;Vivienda segunda mano;Variación anual;2021;4,0.0
02 Aragón;Vivienda segunda mano;Variación anual;2020;2,1.0
02 Aragón;Vivienda segunda mano;Variación anual;2019;5,8.0
02 Aragón;Vivienda segunda mano;Variación anual;2018;5,2.0
02 Aragón;Vivienda segunda mano;Variación anual;2017;2,8.0
02 Aragón;Vivienda segunda mano;Variación anual;2016;1,4.0
02 Aragón;Vivienda segunda mano;Variación anual;2015;0,7.0
02 Aragón;Vivienda segunda mano;Variación anual;2014;-2,5.0
02 Aragón;Vivienda segunda mano;Variación anual;2013;-12,4.0
02 Aragón;Vivienda segunda mano;Variación anual;2012;-15,5.0
02 Aragón;Vivienda segunda mano;Variación anual;2011;-10,6.0
02 Aragón;Vivienda segunda mano;Variación anual;2010;-3,4.0
02 Aragón;Vivienda segunda mano;Variación anual;2009;-12,2.0
02 Aragón;Vivienda segunda mano;Variación anual;2008;-8,3.0
02 Aragón;Vivienda segunda mano;Variación anual;2007;3,3.0
05 Canarias;General;Media anual;2024;156,95.0
05 Canarias;General;Media anual;2023;144,510.0
05 Canarias;General;Media anual;2022;137,240.0
05 Canarias;General;Media anual;2021;125,792.0
05 Canarias;General;Media anual;2020;118,960.0
05 Canarias;General;Media anual;2019;117,587.0
05 Canarias;General;Media anual;2018;113,276.0
05 Canarias;General;Media anual;2017;107,888.0
05 Canarias;General;Media anual;2016;103,344.0
05 Canarias;General;Media anual;2015;100,0.0
05 Canarias;General;Media anual;2014;96,711.0
05 Canarias;General;Media anual;2013;97,953.0
05 Canarias;General;Media anual;2012;107,173.0
05 Canarias;General;Media anual;2011;123,610.0
05 Canarias;General;Media anual;2010;131,108.0
05 Canarias;General;Media anual;2009;134,441.0
05 Canarias;General;Media anual;2008;139,782.0
05 Canarias;General;Media anual;2007;137,295.0
05 Canarias;General;Variación anual;2024;8,0.0
05 Canarias;General;Variación anual;2023;5,3.0
05 Canarias;General;Variación anual;2022;9,1.0
05 Canarias;General;Variación anual;2021;5,7.0
05 Canarias;General;Variación anual;2020;1,2.0
05 Canarias;General;Variación anual;2019;3,8.0
05 Canarias;General;Variación anual;2018;5,0.0
05 Canarias;General;Variación anual;2017;4,4.0
05 Canarias;General;Variación anual;2016;3,3.0
05 Canarias;General;Variación anual;2015;3,4.0
05 Canarias;General;Variación anual;2014;-1,3.0
05 Canarias;General;Variación anual;2013;-8,6.0
05 Canarias;General;Variación anual;2012;-13,3.0
05 Canarias;General;Variación anual;2011;-5,7.0
05 Canarias;General;Variación anual;2010;-2,5.0
05 Canarias;General;Variación anual;2009;-3,8.0
05 Canarias;General;Variación anual;2008;1,8.0
05 Canarias;General;Variación anual;2007;12,1.0
05 Canarias;Vivienda nueva;Media anual;2024;181,163.0
05 Canarias;Vivienda nueva;Media anual;2023;164,93.0
05 Canarias;Vivienda nueva;Media anual;2022;148,784.0
05 Canarias;Vivienda nueva;Media anual;2021;135,803.0
05 Canarias;Vivienda nueva;Media anual;2020;129,615.0
05 Canarias;Vivienda nueva;Media anual;2019;122,689.0
05 Canarias;Vivienda nueva;Media anual;2018;116,541.0
05 Canarias;Vivienda nueva;Media anual;2017;111,471.0
05 Canarias;Vivienda nueva;Media anual;2016;107,9.0
05 Canarias;Vivienda nueva;Media anual;2015;100,0.0
05 Canarias;Vivienda nueva;Media anual;2014;94,929.0
05 Canarias;Vivienda nueva;Media anual;2013;95,113.0
05 Canarias;Vivienda nueva;Media anual;2012;106,91.0
05 Canarias;Vivienda nueva;Media anual;2011;120,919.0
05 Canarias;Vivienda nueva;Media anual;2010;126,788.0
05 Canarias;Vivienda nueva;Media anual;2009;130,700.0
05 Canarias;Vivienda nueva;Media anual;2008;131,860.0
05 Canarias;Vivienda nueva;Media anual;2007;123,753.0
05 Canarias;Vivienda nueva;Variación anual;2024;10,4.0
05 Canarias;Vivienda nueva;Variación anual;2023;10,3.0
05 Canarias;Vivienda nueva;Variación anual;2022;9,6.0
05 Canarias;Vivienda nueva;Variación anual;2021;4,8.0
05 Canarias;Vivienda nueva;Variación anual;2020;5,6.0
05 Canarias;Vivienda nueva;Variación anual;2019;5,3.0
05 Canarias;Vivienda nueva;Variación anual;2018;4,5.0
05 Canarias;Vivienda nueva;Variación anual;2017;4,2.0
05 Canarias;Vivienda nueva;Variación anual;2016;7,0.0
05 Canarias;Vivienda nueva;Variación anual;2015;5,3.0
05 Canarias;Vivienda nueva;Variación anual;2014;-0,2.0
05 Canarias;Vivienda nueva;Variación anual;2013;-10,3.0
05 Canarias;Vivienda nueva;Variación anual;2012;-12,3.0
05 Canarias;Vivienda nueva;Variación anual;2011;-4,6.0
05 Canarias;Vivienda nueva;Variación anual;2010;-3,0.0
05 Canarias;Vivienda nueva;Variación anual;2009;-0,9.0
05 Canarias;Vivienda nueva;Variación anual;2008;6,6.0
05 Canarias;Vivienda nueva;Variación anual;2007;13,8.0
05 Canarias;Vivienda segunda mano;Media anual;2024;153,962.0
05 Canarias;Vivienda segunda mano;Media anual;2023;142,814.0
05 Canarias;Vivienda segunda mano;Media anual;2022;136,192.0
05 Canarias;Vivienda segunda mano;Media anual;2021;124,877.0
05 Canarias;Vivienda segunda mano;Media anual;2020;118,1.0
05 Canarias;Vivienda segunda mano;Media anual;2019;117,38.0
05 Canarias;Vivienda segunda mano;Media anual;2018;112,878.0
05 Canarias;Vivienda segunda mano;Media anual;2017;107,469.0
05 Canarias;Vivienda segunda mano;Media anual;2016;102,889.0
05 Canarias;Vivienda segunda mano;Media anual;2015;100,0.0
05 Canarias;Vivienda segunda mano;Media anual;2014;96,952.0
05 Canarias;Vivienda segunda mano;Media anual;2013;98,418.0
05 Canarias;Vivienda segunda mano;Media anual;2012;107,249.0
05 Canarias;Vivienda segunda mano;Media anual;2011;124,405.0
05 Canarias;Vivienda segunda mano;Media anual;2010;133,176.0
05 Canarias;Vivienda segunda mano;Media anual;2009;135,803.0
05 Canarias;Vivienda segunda mano;Media anual;2008;145,816.0
05 Canarias;Vivienda segunda mano;Media anual;2007;149,841.0
05 Canarias;Vivienda segunda mano;Variación anual;2024;7,8.0
05 Canarias;Vivienda segunda mano;Variación anual;2023;4,9.0
05 Canarias;Vivienda segunda mano;Variación anual;2022;9,1.0
05 Canarias;Vivienda segunda mano;Variación anual;2021;5,8.0
05 Canarias;Vivienda segunda mano;Variación anual;2020;0,8.0
05 Canarias;Vivienda segunda mano;Variación anual;2019;3,7.0
05 Canarias;Vivienda segunda mano;Variación anual;2018;5,0.0
05 Canarias;Vivienda segunda mano;Variación anual;2017;4,5.0
05 Canarias;Vivienda segunda mano;Variación anual;2016;2,9.0
05 Canarias;Vivienda segunda mano;Variación anual;2015;3,1.0
05 Canarias;Vivienda segunda mano;Variación anual;2014;-1,5.0
05 Canarias;Vivienda segunda mano;Variación anual;2013;-8,2.0
05 Canarias;Vivienda segunda mano;Variación anual;2012;-13,8.0
05 Canarias;Vivienda segunda mano;Variación anual;2011;-6,6.0
05 Canarias;Vivienda segunda mano;Variación anual;2010;-1,9.0
05 Canarias;Vivienda segunda mano;Variación anual;2009;-6,9.0
05 Canarias;Vivienda segunda mano;Variación anual;2008;-2,7.0
05 Canarias;Vivienda segunda mano;Variación anual;2007;10,5.0
06 Cantabria;General;Media anual;2024;156,313.0
06 Cantabria;General;Media anual;2023;143,358.0
06 Cantabria;General;Media anual;2022;136,343.0
06 Cantabria;General;Media anual;2021;124,303.0
06 Cantabria;General;Media anual;2020;117,829.0
06 Cantabria;General;Media anual;2019;116,423.0
06 Cantabria;General;Media anual;2018;112,938.0
06 Cantabria;General;Media anual;2017;106,683.0
06 Cantabria;General;Media anual;2016;102,547.0
06 Cantabria;General;Media anual;2015;100,0.0
06 Cantabria;General;Media anual;2014;97,211.0
06 Cantabria;General;Media anual;2013;95,561.0
06 Cantabria;General;Media anual;2012;105,107.0
06 Cantabria;General;Media anual;2011;122,397.0
06 Cantabria;General;Media anual;2010;134,886.0
06 Cantabria;General;Media anual;2009;143,507.0
06 Cantabria;General;Media anual;2008;153,980.0
06 Cantabria;General;Media anual;2007;152,135.0
06 Cantabria;General;Variación anual;2024;9,0.0
06 Cantabria;General;Variación anual;2023;5,1.0
06 Cantabria;General;Variación anual;2022;9,7.0
06 Cantabria;General;Variación anual;2021;5,5.0
06 Cantabria;General;Variación anual;2020;1,2.0
06 Cantabria;General;Variación anual;2019;3,1.0
06 Cantabria;General;Variación anual;2018;5,9.0
06 Cantabria;General;Variación anual;2017;4,0.0
06 Cantabria;General;Variación anual;2016;2,5.0
06 Cantabria;General;Variación anual;2015;2,9.0
06 Cantabria;General;Variación anual;2014;1,7.0
06 Cantabria;General;Variación anual;2013;-9,1.0
06 Cantabria;General;Variación anual;2012;-14,1.0
06 Cantabria;General;Variación anual;2011;-9,3.0
06 Cantabria;General;Variación anual;2010;-6,0.0
06 Cantabria;General;Variación anual;2009;-6,8.0
06 Cantabria;General;Variación anual;2008;1,2.0
06 Cantabria;General;Variación anual;2007;9,9.0
06 Cantabria;Vivienda nueva;Media anual;2024;176,439.0
06 Cantabria;Vivienda nueva;Media anual;2023;156,134.0
06 Cantabria;Vivienda nueva;Media anual;2022;139,963.0
06 Cantabria;Vivienda nueva;Media anual;2021;128,109.0
06 Cantabria;Vivienda nueva;Media anual;2020;122,642.0
06 Cantabria;Vivienda nueva;Media anual;2019;116,121.0
06 Cantabria;Vivienda nueva;Media anual;2018;110,654.0
06 Cantabria;Vivienda nueva;Media anual;2017;106,690.0
06 Cantabria;Vivienda nueva;Media anual;2016;103,980.0
06 Cantabria;Vivienda nueva;Media anual;2015;100,0.0
06 Cantabria;Vivienda nueva;Media anual;2014;95,732.0
06 Cantabria;Vivienda nueva;Media anual;2013;91,273.0
06 Cantabria;Vivienda nueva;Media anual;2012;98,440.0
06 Cantabria;Vivienda nueva;Media anual;2011;113,710.0
06 Cantabria;Vivienda nueva;Media anual;2010;124,233.0
06 Cantabria;Vivienda nueva;Media anual;2009;134,730.0
06 Cantabria;Vivienda nueva;Media anual;2008;142,87.0
06 Cantabria;Vivienda nueva;Media anual;2007;134,224.0
06 Cantabria;Vivienda nueva;Variación anual;2024;13,0.0
06 Cantabria;Vivienda nueva;Variación anual;2023;11,6.0
06 Cantabria;Vivienda nueva;Variación anual;2022;9,3.0
06 Cantabria;Vivienda nueva;Variación anual;2021;4,5.0
06 Cantabria;Vivienda nueva;Variación anual;2020;5,6.0
06 Cantabria;Vivienda nueva;Variación anual;2019;4,9.0
06 Cantabria;Vivienda nueva;Variación anual;2018;3,7.0
06 Cantabria;Vivienda nueva;Variación anual;2017;2,6.0
06 Cantabria;Vivienda nueva;Variación anual;2016;4,0.0
06 Cantabria;Vivienda nueva;Variación anual;2015;4,5.0
06 Cantabria;Vivienda nueva;Variación anual;2014;4,9.0
06 Cantabria;Vivienda nueva;Variación anual;2013;-7,3.0
06 Cantabria;Vivienda nueva;Variación anual;2012;-13,4.0
06 Cantabria;Vivienda nueva;Variación anual;2011;-8,5.0
06 Cantabria;Vivienda nueva;Variación anual;2010;-7,8.0
06 Cantabria;Vivienda nueva;Variación anual;2009;-5,2.0
06 Cantabria;Vivienda nueva;Variación anual;2008;5,9.0
06 Cantabria;Vivienda nueva;Variación anual;2007;11,4.0
06 Cantabria;Vivienda segunda mano;Media anual;2024;153,521.0
06 Cantabria;Vivienda segunda mano;Media anual;2023;141,614.0
06 Cantabria;Vivienda segunda mano;Media anual;2022;135,912.0
06 Cantabria;Vivienda segunda mano;Media anual;2021;123,838.0
06 Cantabria;Vivienda segunda mano;Media anual;2020;117,186.0
06 Cantabria;Vivienda segunda mano;Media anual;2019;116,542.0
06 Cantabria;Vivienda segunda mano;Media anual;2018;113,367.0
06 Cantabria;Vivienda segunda mano;Media anual;2017;106,701.0
06 Cantabria;Vivienda segunda mano;Media anual;2016;102,195.0
06 Cantabria;Vivienda segunda mano;Media anual;2015;100,0.0
06 Cantabria;Vivienda segunda mano;Media anual;2014;97,546.0
06 Cantabria;Vivienda segunda mano;Media anual;2013;97,271.0
06 Cantabria;Vivienda segunda mano;Media anual;2012;109,23.0
06 Cantabria;Vivienda segunda mano;Media anual;2011;128,234.0
06 Cantabria;Vivienda segunda mano;Media anual;2010;143,617.0
06 Cantabria;Vivienda segunda mano;Media anual;2009;146,431.0
06 Cantabria;Vivienda segunda mano;Media anual;2008;160,380.0
06 Cantabria;Vivienda segunda mano;Media anual;2007;167,474.0
06 Cantabria;Vivienda segunda mano;Variación anual;2024;8,4.0
06 Cantabria;Vivienda segunda mano;Variación anual;2023;4,2.0
06 Cantabria;Vivienda segunda mano;Variación anual;2022;9,8.0
06 Cantabria;Vivienda segunda mano;Variación anual;2021;5,7.0
06 Cantabria;Vivienda segunda mano;Variación anual;2020;0,6.0
06 Cantabria;Vivienda segunda mano;Variación anual;2019;2,8.0
06 Cantabria;Vivienda segunda mano;Variación anual;2018;6,2.0
06 Cantabria;Vivienda segunda mano;Variación anual;2017;4,4.0
06 Cantabria;Vivienda segunda mano;Variación anual;2016;2,2.0
06 Cantabria;Vivienda segunda mano;Variación anual;2015;2,5.0
06 Cantabria;Vivienda segunda mano;Variación anual;2014;0,3.0
06 Cantabria;Vivienda segunda mano;Variación anual;2013;-10,8.0
06 Cantabria;Vivienda segunda mano;Variación anual;2012;-15,0.0
06 Cantabria;Vivienda segunda mano;Variación anual;2011;-10,7.0
06 Cantabria;Vivienda segunda mano;Variación anual;2010;-1,9.0
06 Cantabria;Vivienda segunda mano;Variación anual;2009;-8,7.0
06 Cantabria;Vivienda segunda mano;Variación anual;2008;-4,2.0
06 Cantabria;Vivienda segunda mano;Variación anual;2007;8,2.0
07 Castilla y León;General;Media anual;2024;139,706.0
07 Castilla y León;General;Media anual;2023;129,538.0
07 Castilla y León;General;Media anual;2022;125,987.0
07 Castilla y León;General;Media anual;2021;118,800.0
07 Castilla y León;General;Media anual;2020;114,719.0
07 Castilla y León;General;Media anual;2019;112,83.0
07 Castilla y León;General;Media anual;2018;106,921.0
07 Castilla y León;General;Media anual;2017;102,710.0
07 Castilla y León;General;Media anual;2016;101,56.0
07 Castilla y León;General;Media anual;2015;100,0.0
07 Castilla y León;General;Media anual;2014;98,774.0
07 Castilla y León;General;Media anual;2013;101,215.0
07 Castilla y León;General;Media anual;2012;117,855.0
07 Castilla y León;General;Media anual;2011;135,800.0
07 Castilla y León;General;Media anual;2010;144,791.0
07 Castilla y León;General;Media anual;2009;148,896.0
07 Castilla y León;General;Media anual;2008;152,999.0
07 Castilla y León;General;Media anual;2007;149,814.0
07 Castilla y León;General;Variación anual;2024;7,8.0
07 Castilla y León;General;Variación anual;2023;2,8.0
07 Castilla y León;General;Variación anual;2022;6,1.0
07 Castilla y León;General;Variación anual;2021;3,6.0
07 Castilla y León;General;Variación anual;2020;2,4.0
07 Castilla y León;General;Variación anual;2019;4,8.0
07 Castilla y León;General;Variación anual;2018;4,1.0
07 Castilla y León;General;Variación anual;2017;1,6.0
07 Castilla y León;General;Variación anual;2016;1,1.0
07 Castilla y León;General;Variación anual;2015;1,2.0
07 Castilla y León;General;Variación anual;2014;-2,4.0
07 Castilla y León;General;Variación anual;2013;-14,1.0
07 Castilla y León;General;Variación anual;2012;-13,2.0
07 Castilla y León;General;Variación anual;2011;-6,2.0
07 Castilla y León;General;Variación anual;2010;-2,8.0
07 Castilla y León;General;Variación anual;2009;-2,7.0
07 Castilla y León;General;Variación anual;2008;2,1.0
07 Castilla y León;General;Variación anual;2007;11,2.0
07 Castilla y León;Vivienda nueva;Media anual;2024;164,18.0
07 Castilla y León;Vivienda nueva;Media anual;2023;153,37.0
07 Castilla y León;Vivienda nueva;Media anual;2022;142,558.0
07 Castilla y León;Vivienda nueva;Media anual;2021;133,728.0
07 Castilla y León;Vivienda nueva;Media anual;2020;128,673.0
07 Castilla y León;Vivienda nueva;Media anual;2019;121,891.0
07 Castilla y León;Vivienda nueva;Media anual;2018;112,419.0
07 Castilla y León;Vivienda nueva;Media anual;2017;104,802.0
07 Castilla y León;Vivienda nueva;Media anual;2016;102,916.0
07 Castilla y León;Vivienda nueva;Media anual;2015;100,0.0
07 Castilla y León;Vivienda nueva;Media anual;2014;97,366.0
07 Castilla y León;Vivienda nueva;Media anual;2013;100,882.0
07 Castilla y León;Vivienda nueva;Media anual;2012;117,716.0
07 Castilla y León;Vivienda nueva;Media anual;2011;133,140.0
07 Castilla y León;Vivienda nueva;Media anual;2010;139,99.0
07 Castilla y León;Vivienda nueva;Media anual;2009;143,698.0
07 Castilla y León;Vivienda nueva;Media anual;2008;144,511.0
07 Castilla y León;Vivienda nueva;Media anual;2007;136,548.0
07 Castilla y León;Vivienda nueva;Variación anual;2024;7,2.0
07 Castilla y León;Vivienda nueva;Variación anual;2023;7,4.0
07 Castilla y León;Vivienda nueva;Variación anual;2022;6,6.0
07 Castilla y León;Vivienda nueva;Variación anual;2021;3,9.0
07 Castilla y León;Vivienda nueva;Variación anual;2020;5,6.0
07 Castilla y León;Vivienda nueva;Variación anual;2019;8,4.0
07 Castilla y León;Vivienda nueva;Variación anual;2018;7,3.0
07 Castilla y León;Vivienda nueva;Variación anual;2017;1,8.0
07 Castilla y León;Vivienda nueva;Variación anual;2016;2,9.0
07 Castilla y León;Vivienda nueva;Variación anual;2015;2,7.0
07 Castilla y León;Vivienda nueva;Variación anual;2014;-3,5.0
07 Castilla y León;Vivienda nueva;Variación anual;2013;-14,3.0
07 Castilla y León;Vivienda nueva;Variación anual;2012;-11,6.0
07 Castilla y León;Vivienda nueva;Variación anual;2011;-4,3.0
07 Castilla y León;Vivienda nueva;Variación anual;2010;-3,2.0
07 Castilla y León;Vivienda nueva;Variación anual;2009;-0,6.0
07 Castilla y León;Vivienda nueva;Variación anual;2008;5,8.0
07 Castilla y León;Vivienda nueva;Variación anual;2007;12,9.0
07 Castilla y León;Vivienda segunda mano;Media anual;2024;136,338.0
07 Castilla y León;Vivienda segunda mano;Media anual;2023;126,254.0
07 Castilla y León;Vivienda segunda mano;Media anual;2022;123,840.0
07 Castilla y León;Vivienda segunda mano;Media anual;2021;116,874.0
07 Castilla y León;Vivienda segunda mano;Media anual;2020;112,904.0
07 Castilla y León;Vivienda segunda mano;Media anual;2019;110,783.0
07 Castilla y León;Vivienda segunda mano;Media anual;2018;106,145.0
07 Castilla y León;Vivienda segunda mano;Media anual;2017;102,354.0
07 Castilla y León;Vivienda segunda mano;Media anual;2016;100,693.0
07 Castilla y León;Vivienda segunda mano;Media anual;2015;100,0.0
07 Castilla y León;Vivienda segunda mano;Media anual;2014;99,89.0
07 Castilla y León;Vivienda segunda mano;Media anual;2013;100,611.0
07 Castilla y León;Vivienda segunda mano;Media anual;2012;117,182.0
07 Castilla y León;Vivienda segunda mano;Media anual;2011;138,137.0
07 Castilla y León;Vivienda segunda mano;Media anual;2010;152,36.0
07 Castilla y León;Vivienda segunda mano;Media anual;2009;154,803.0
07 Castilla y León;Vivienda segunda mano;Media anual;2008;165,249.0
07 Castilla y León;Vivienda segunda mano;Media anual;2007;170,894.0
07 Castilla y León;Vivienda segunda mano;Variación anual;2024;8,0.0
07 Castilla y León;Vivienda segunda mano;Variación anual;2023;1,9.0
07 Castilla y León;Vivienda segunda mano;Variación anual;2022;6,0.0
07 Castilla y León;Vivienda segunda mano;Variación anual;2021;3,5.0
07 Castilla y León;Vivienda segunda mano;Variación anual;2020;1,9.0
07 Castilla y León;Vivienda segunda mano;Variación anual;2019;4,4.0
07 Castilla y León;Vivienda segunda mano;Variación anual;2018;3,7.0
07 Castilla y León;Vivienda segunda mano;Variación anual;2017;1,6.0
07 Castilla y León;Vivienda segunda mano;Variación anual;2016;0,7.0
07 Castilla y León;Vivienda segunda mano;Variación anual;2015;0,9.0
07 Castilla y León;Vivienda segunda mano;Variación anual;2014;-1,5.0
07 Castilla y León;Vivienda segunda mano;Variación anual;2013;-14,1.0
07 Castilla y León;Vivienda segunda mano;Variación anual;2012;-15,2.0
07 Castilla y León;Vivienda segunda mano;Variación anual;2011;-9,1.0
07 Castilla y León;Vivienda segunda mano;Variación anual;2010;-1,8.0
07 Castilla y León;Vivienda segunda mano;Variación anual;2009;-6,3.0
07 Castilla y León;Vivienda segunda mano;Variación anual;2008;-3,3.0
07 Castilla y León;Vivienda segunda mano;Variación anual;2007;8,7.0
08 Castilla - La Mancha;General;Media anual;2024;128,32.0
08 Castilla - La Mancha;General;Media anual;2023;120,268.0
08 Castilla - La Mancha;General;Media anual;2022;118,284.0
08 Castilla - La Mancha;General;Media anual;2021;111,669.0
08 Castilla - La Mancha;General;Media anual;2020;109,29.0
08 Castilla - La Mancha;General;Media anual;2019;107,643.0
08 Castilla - La Mancha;General;Media anual;2018;103,975.0
08 Castilla - La Mancha;General;Media anual;2017;101,582.0
08 Castilla - La Mancha;General;Media anual;2016;100,838.0
08 Castilla - La Mancha;General;Media anual;2015;100,0.0
08 Castilla - La Mancha;General;Media anual;2014;97,846.0
08 Castilla - La Mancha;General;Media anual;2013;100,520.0
08 Castilla - La Mancha;General;Media anual;2012;118,443.0
08 Castilla - La Mancha;General;Media anual;2011;133,946.0
08 Castilla - La Mancha;General;Media anual;2010;143,137.0
08 Castilla - La Mancha;General;Media anual;2009;144,770.0
08 Castilla - La Mancha;General;Media anual;2008;149,222.0
08 Castilla - La Mancha;General;Media anual;2007;146,240.0
08 Castilla - La Mancha;General;Variación anual;2024;6,5.0
08 Castilla - La Mancha;General;Variación anual;2023;1,7.0
08 Castilla - La Mancha;General;Variación anual;2022;5,9.0
08 Castilla - La Mancha;General;Variación anual;2021;2,4.0
08 Castilla - La Mancha;General;Variación anual;2020;1,3.0
08 Castilla - La Mancha;General;Variación anual;2019;3,5.0
08 Castilla - La Mancha;General;Variación anual;2018;2,4.0
08 Castilla - La Mancha;General;Variación anual;2017;0,7.0
08 Castilla - La Mancha;General;Variación anual;2016;0,8.0
08 Castilla - La Mancha;General;Variación anual;2015;2,2.0
08 Castilla - La Mancha;General;Variación anual;2014;-2,7.0
08 Castilla - La Mancha;General;Variación anual;2013;-15,1.0
08 Castilla - La Mancha;General;Variación anual;2012;-11,6.0
08 Castilla - La Mancha;General;Variación anual;2011;-6,4.0
08 Castilla - La Mancha;General;Variación anual;2010;-1,1.0
08 Castilla - La Mancha;General;Variación anual;2009;-3,0.0
08 Castilla - La Mancha;General;Variación anual;2008;2,0.0
08 Castilla - La Mancha;General;Variación anual;2007;13,4.0
08 Castilla - La Mancha;Vivienda nueva;Media anual;2024;154,378.0
08 Castilla - La Mancha;Vivienda nueva;Media anual;2023;144,620.0
08 Castilla - La Mancha;Vivienda nueva;Media anual;2022;138,199.0
08 Castilla - La Mancha;Vivienda nueva;Media anual;2021;130,11.0
08 Castilla - La Mancha;Vivienda nueva;Media anual;2020;128,408.0
08 Castilla - La Mancha;Vivienda nueva;Media anual;2019;125,868.0
08 Castilla - La Mancha;Vivienda nueva;Media anual;2018;114,88.0
08 Castilla - La Mancha;Vivienda nueva;Media anual;2017;106,787.0
08 Castilla - La Mancha;Vivienda nueva;Media anual;2016;105,128.0
08 Castilla - La Mancha;Vivienda nueva;Media anual;2015;100,0.0
08 Castilla - La Mancha;Vivienda nueva;Media anual;2014;95,630.0
08 Castilla - La Mancha;Vivienda nueva;Media anual;2013;100,502.0
08 Castilla - La Mancha;Vivienda nueva;Media anual;2012;120,531.0
08 Castilla - La Mancha;Vivienda nueva;Media anual;2011;135,194.0
08 Castilla - La Mancha;Vivienda nueva;Media anual;2010;142,710.0
08 Castilla - La Mancha;Vivienda nueva;Media anual;2009;145,155.0
08 Castilla - La Mancha;Vivienda nueva;Media anual;2008;147,267.0
08 Castilla - La Mancha;Vivienda nueva;Media anual;2007;140,441.0
08 Castilla - La Mancha;Vivienda nueva;Variación anual;2024;6,7.0
08 Castilla - La Mancha;Vivienda nueva;Variación anual;2023;4,6.0
08 Castilla - La Mancha;Vivienda nueva;Variación anual;2022;6,3.0
08 Castilla - La Mancha;Vivienda nueva;Variación anual;2021;1,2.0
08 Castilla - La Mancha;Vivienda nueva;Variación anual;2020;2,0.0
08 Castilla - La Mancha;Vivienda nueva;Variación anual;2019;10,3.0
08 Castilla - La Mancha;Vivienda nueva;Variación anual;2018;6,8.0
08 Castilla - La Mancha;Vivienda nueva;Variación anual;2017;1,6.0
08 Castilla - La Mancha;Vivienda nueva;Variación anual;2016;5,1.0
08 Castilla - La Mancha;Vivienda nueva;Variación anual;2015;4,6.0
08 Castilla - La Mancha;Vivienda nueva;Variación anual;2014;-4,8.0
08 Castilla - La Mancha;Vivienda nueva;Variación anual;2013;-16,6.0
08 Castilla - La Mancha;Vivienda nueva;Variación anual;2012;-10,8.0
08 Castilla - La Mancha;Vivienda nueva;Variación anual;2011;-5,3.0
08 Castilla - La Mancha;Vivienda nueva;Variación anual;2010;-1,7.0
08 Castilla - La Mancha;Vivienda nueva;Variación anual;2009;-1,4.0
08 Castilla - La Mancha;Vivienda nueva;Variación anual;2008;4,9.0
08 Castilla - La Mancha;Vivienda nueva;Variación anual;2007;14,7.0
08 Castilla - La Mancha;Vivienda segunda mano;Media anual;2024;123,309.0
08 Castilla - La Mancha;Vivienda segunda mano;Media anual;2023;115,869.0
08 Castilla - La Mancha;Vivienda segunda mano;Media anual;2022;114,599.0
08 Castilla - La Mancha;Vivienda segunda mano;Media anual;2021;108,262.0
08 Castilla - La Mancha;Vivienda segunda mano;Media anual;2020;105,484.0
08 Castilla - La Mancha;Vivienda segunda mano;Media anual;2019;104,291.0
08 Castilla - La Mancha;Vivienda segunda mano;Media anual;2018;101,947.0
08 Castilla - La Mancha;Vivienda segunda mano;Media anual;2017;100,363.0
08 Castilla - La Mancha;Vivienda segunda mano;Media anual;2016;99,746.0
08 Castilla - La Mancha;Vivienda segunda mano;Media anual;2015;100,0.0
08 Castilla - La Mancha;Vivienda segunda mano;Media anual;2014;98,455.0
08 Castilla - La Mancha;Vivienda segunda mano;Media anual;2013;99,854.0
08 Castilla - La Mancha;Vivienda segunda mano;Media anual;2012;115,526.0
08 Castilla - La Mancha;Vivienda segunda mano;Media anual;2011;133,266.0
08 Castilla - La Mancha;Vivienda segunda mano;Media anual;2010;146,908.0
08 Castilla - La Mancha;Vivienda segunda mano;Media anual;2009;146,188.0
08 Castilla - La Mancha;Vivienda segunda mano;Media anual;2008;155,950.0
08 Castilla - La Mancha;Vivienda segunda mano;Media anual;2007;161,174.0
08 Castilla - La Mancha;Vivienda segunda mano;Variación anual;2024;6,4.0
08 Castilla - La Mancha;Vivienda segunda mano;Variación anual;2023;1,1.0
08 Castilla - La Mancha;Vivienda segunda mano;Variación anual;2022;5,9.0
08 Castilla - La Mancha;Vivienda segunda mano;Variación anual;2021;2,6.0
08 Castilla - La Mancha;Vivienda segunda mano;Variación anual;2020;1,1.0
08 Castilla - La Mancha;Vivienda segunda mano;Variación anual;2019;2,3.0
08 Castilla - La Mancha;Vivienda segunda mano;Variación anual;2018;1,6.0
08 Castilla - La Mancha;Vivienda segunda mano;Variación anual;2017;0,6.0
08 Castilla - La Mancha;Vivienda segunda mano;Variación anual;2016;-0,3.0
08 Castilla - La Mancha;Vivienda segunda mano;Variación anual;2015;1,6.0
08 Castilla - La Mancha;Vivienda segunda mano;Variación anual;2014;-1,4.0
08 Castilla - La Mancha;Vivienda segunda mano;Variación anual;2013;-13,6.0
08 Castilla - La Mancha;Vivienda segunda mano;Variación anual;2012;-13,3.0
08 Castilla - La Mancha;Vivienda segunda mano;Variación anual;2011;-9,3.0
08 Castilla - La Mancha;Vivienda segunda mano;Variación anual;2010;0,5.0
08 Castilla - La Mancha;Vivienda segunda mano;Variación anual;2009;-6,3.0
08 Castilla - La Mancha;Vivienda segunda mano;Variación anual;2008;-3,2.0
08 Castilla - La Mancha;Vivienda segunda mano;Variación anual;2007;11,1.0
09 Cataluña;General;Media anual;2024;168,592.0
09 Cataluña;General;Media anual;2023;157,10.0
09 Cataluña;General;Media anual;2022;151,701.0
09 Cataluña;General;Media anual;2021;141,623.0
09 Cataluña;General;Media anual;2020;136,892.0
09 Cataluña;General;Media anual;2019;134,144.0
09 Cataluña;General;Media anual;2018;127,548.0
09 Cataluña;General;Media anual;2017;117,260.0
09 Cataluña;General;Media anual;2016;107,20.0
09 Cataluña;General;Media anual;2015;100,0.0
09 Cataluña;General;Media anual;2014;95,396.0
09 Cataluña;General;Media anual;2013;94,337.0
09 Cataluña;General;Media anual;2012;106,514.0
09 Cataluña;General;Media anual;2011;126,522.0
09 Cataluña;General;Media anual;2010;139,892.0
09 Cataluña;General;Media anual;2009;143,716.0
09 Cataluña;General;Media anual;2008;162,199.0
09 Cataluña;General;Media anual;2007;172,999.0
09 Cataluña;General;Variación anual;2024;7,4.0
09 Cataluña;General;Variación anual;2023;3,5.0
09 Cataluña;General;Variación anual;2022;7,1.0
09 Cataluña;General;Variación anual;2021;3,5.0
09 Cataluña;General;Variación anual;2020;2,0.0
09 Cataluña;General;Variación anual;2019;5,2.0
09 Cataluña;General;Variación anual;2018;8,8.0
09 Cataluña;General;Variación anual;2017;9,6.0
09 Cataluña;General;Variación anual;2016;7,0.0
09 Cataluña;General;Variación anual;2015;4,8.0
09 Cataluña;General;Variación anual;2014;1,1.0
09 Cataluña;General;Variación anual;2013;-11,4.0
09 Cataluña;General;Variación anual;2012;-15,8.0
09 Cataluña;General;Variación anual;2011;-9,6.0
09 Cataluña;General;Variación anual;2010;-2,7.0
09 Cataluña;General;Variación anual;2009;-11,4.0
09 Cataluña;General;Variación anual;2008;-6,2.0
09 Cataluña;General;Variación anual;2007;7,3.0
09 Cataluña;Vivienda nueva;Media anual;2024;195,871.0
09 Cataluña;Vivienda nueva;Media anual;2023;178,701.0
09 Cataluña;Vivienda nueva;Media anual;2022;165,94.0
09 Cataluña;Vivienda nueva;Media anual;2021;153,446.0
09 Cataluña;Vivienda nueva;Media anual;2020;147,712.0
09 Cataluña;Vivienda nueva;Media anual;2019;136,48.0
09 Cataluña;Vivienda nueva;Media anual;2018;127,169.0
09 Cataluña;Vivienda nueva;Media anual;2017;117,109.0
09 Cataluña;Vivienda nueva;Media anual;2016;107,917.0
09 Cataluña;Vivienda nueva;Media anual;2015;100,0.0
09 Cataluña;Vivienda nueva;Media anual;2014;94,61.0
09 Cataluña;Vivienda nueva;Media anual;2013;89,873.0
09 Cataluña;Vivienda nueva;Media anual;2012;100,32.0
09 Cataluña;Vivienda nueva;Media anual;2011;118,850.0
09 Cataluña;Vivienda nueva;Media anual;2010;128,38.0
09 Cataluña;Vivienda nueva;Media anual;2009;132,969.0
09 Cataluña;Vivienda nueva;Media anual;2008;147,729.0
09 Cataluña;Vivienda nueva;Media anual;2007;146,414.0
09 Cataluña;Vivienda nueva;Variación anual;2024;9,6.0
09 Cataluña;Vivienda nueva;Variación anual;2023;8,2.0
09 Cataluña;Vivienda nueva;Variación anual;2022;7,6.0
09 Cataluña;Vivienda nueva;Variación anual;2021;3,9.0
09 Cataluña;Vivienda nueva;Variación anual;2020;8,6.0
09 Cataluña;Vivienda nueva;Variación anual;2019;7,0.0
09 Cataluña;Vivienda nueva;Variación anual;2018;8,6.0
09 Cataluña;Vivienda nueva;Variación anual;2017;8,5.0
09 Cataluña;Vivienda nueva;Variación anual;2016;7,9.0
09 Cataluña;Vivienda nueva;Variación anual;2015;6,3.0
09 Cataluña;Vivienda nueva;Variación anual;2014;4,7.0
09 Cataluña;Vivienda nueva;Variación anual;2013;-10,2.0
09 Cataluña;Vivienda nueva;Variación anual;2012;-15,8.0
09 Cataluña;Vivienda nueva;Variación anual;2011;-7,2.0
09 Cataluña;Vivienda nueva;Variación anual;2010;-3,7.0
09 Cataluña;Vivienda nueva;Variación anual;2009;-10,0.0
09 Cataluña;Vivienda nueva;Variación anual;2008;0,9.0
09 Cataluña;Vivienda nueva;Variación anual;2007;9,8.0
09 Cataluña;Vivienda segunda mano;Media anual;2024;165,855.0
09 Cataluña;Vivienda segunda mano;Media anual;2023;154,824.0
09 Cataluña;Vivienda segunda mano;Media anual;2022;150,395.0
09 Cataluña;Vivienda segunda mano;Media anual;2021;140,490.0
09 Cataluña;Vivienda segunda mano;Media anual;2020;135,791.0
09 Cataluña;Vivienda segunda mano;Media anual;2019;133,985.0
09 Cataluña;Vivienda segunda mano;Media anual;2018;127,598.0
09 Cataluña;Vivienda segunda mano;Media anual;2017;117,281.0
09 Cataluña;Vivienda segunda mano;Media anual;2016;106,925.0
09 Cataluña;Vivienda segunda mano;Media anual;2015;100,0.0
09 Cataluña;Vivienda segunda mano;Media anual;2014;95,534.0
09 Cataluña;Vivienda segunda mano;Media anual;2013;95,156.0
09 Cataluña;Vivienda segunda mano;Media anual;2012;108,134.0
09 Cataluña;Vivienda segunda mano;Media anual;2011;128,285.0
09 Cataluña;Vivienda segunda mano;Media anual;2010;143,667.0
09 Cataluña;Vivienda segunda mano;Media anual;2009;146,634.0
09 Cataluña;Vivienda segunda mano;Media anual;2008;166,659.0
09 Cataluña;Vivienda segunda mano;Media anual;2007;184,516.0
09 Cataluña;Vivienda segunda mano;Variación anual;2024;7,1.0
09 Cataluña;Vivienda segunda mano;Variación anual;2023;2,9.0
09 Cataluña;Vivienda segunda mano;Variación anual;2022;7,0.0
09 Cataluña;Vivienda segunda mano;Variación anual;2021;3,5.0
09 Cataluña;Vivienda segunda mano;Variación anual;2020;1,3.0
09 Cataluña;Vivienda segunda mano;Variación anual;2019;5,0.0
09 Cataluña;Vivienda segunda mano;Variación anual;2018;8,8.0
09 Cataluña;Vivienda segunda mano;Variación anual;2017;9,7.0
09 Cataluña;Vivienda segunda mano;Variación anual;2016;6,9.0
09 Cataluña;Vivienda segunda mano;Variación anual;2015;4,7.0
09 Cataluña;Vivienda segunda mano;Variación anual;2014;0,4.0
09 Cataluña;Vivienda segunda mano;Variación anual;2013;-12,0.0
09 Cataluña;Vivienda segunda mano;Variación anual;2012;-15,7.0
09 Cataluña;Vivienda segunda mano;Variación anual;2011;-10,7.0
09 Cataluña;Vivienda segunda mano;Variación anual;2010;-2,0.0
09 Cataluña;Vivienda segunda mano;Variación anual;2009;-12,0.0
09 Cataluña;Vivienda segunda mano;Variación anual;2008;-9,7.0
09 Cataluña;Vivienda segunda mano;Variación anual;2007;6,1.0
10 Comunitat Valenciana;General;Media anual;2024;148,233.0
10 Comunitat Valenciana;General;Media anual;2023;135,921.0
10 Comunitat Valenciana;General;Media anual;2022;130,636.0
10 Comunitat Valenciana;General;Media anual;2021;121,866.0
10 Comunitat Valenciana;General;Media anual;2020;116,814.0
10 Comunitat Valenciana;General;Media anual;2019;114,306.0
10 Comunitat Valenciana;General;Media anual;2018;109,676.0
10 Comunitat Valenciana;General;Media anual;2017;105,385.0
10 Comunitat Valenciana;General;Media anual;2016;102,612.0
10 Comunitat Valenciana;General;Media anual;2015;100,0.0
10 Comunitat Valenciana;General;Media anual;2014;97,659.0
10 Comunitat Valenciana;General;Media anual;2013;96,840.0
10 Comunitat Valenciana;General;Media anual;2012;106,444.0
10 Comunitat Valenciana;General;Media anual;2011;123,154.0
10 Comunitat Valenciana;General;Media anual;2010;133,20.0
10 Comunitat Valenciana;General;Media anual;2009;137,298.0
10 Comunitat Valenciana;General;Media anual;2008;145,206.0
10 Comunitat Valenciana;General;Media anual;2007;142,264.0
10 Comunitat Valenciana;General;Variación anual;2024;9,1.0
10 Comunitat Valenciana;General;Variación anual;2023;4,0.0
10 Comunitat Valenciana;General;Variación anual;2022;7,2.0
10 Comunitat Valenciana;General;Variación anual;2021;4,3.0
10 Comunitat Valenciana;General;Variación anual;2020;2,2.0
10 Comunitat Valenciana;General;Variación anual;2019;4,2.0
10 Comunitat Valenciana;General;Variación anual;2018;4,1.0
10 Comunitat Valenciana;General;Variación anual;2017;2,7.0
10 Comunitat Valenciana;General;Variación anual;2016;2,6.0
10 Comunitat Valenciana;General;Variación anual;2015;2,4.0
10 Comunitat Valenciana;General;Variación anual;2014;0,8.0
10 Comunitat Valenciana;General;Variación anual;2013;-9,0.0
10 Comunitat Valenciana;General;Variación anual;2012;-13,6.0
10 Comunitat Valenciana;General;Variación anual;2011;-7,4.0
10 Comunitat Valenciana;General;Variación anual;2010;-3,1.0
10 Comunitat Valenciana;General;Variación anual;2009;-5,4.0
10 Comunitat Valenciana;General;Variación anual;2008;2,1.0
10 Comunitat Valenciana;General;Variación anual;2007;12,1.0
10 Comunitat Valenciana;Vivienda nueva;Media anual;2024;176,539.0
10 Comunitat Valenciana;Vivienda nueva;Media anual;2023;159,900.0
10 Comunitat Valenciana;Vivienda nueva;Media anual;2022;146,760.0
10 Comunitat Valenciana;Vivienda nueva;Media anual;2021;135,769.0
10 Comunitat Valenciana;Vivienda nueva;Media anual;2020;130,573.0
10 Comunitat Valenciana;Vivienda nueva;Media anual;2019;123,934.0
10 Comunitat Valenciana;Vivienda nueva;Media anual;2018;115,903.0
10 Comunitat Valenciana;Vivienda nueva;Media anual;2017;109,544.0
10 Comunitat Valenciana;Vivienda nueva;Media anual;2016;106,134.0
10 Comunitat Valenciana;Vivienda nueva;Media anual;2015;100,0.0
10 Comunitat Valenciana;Vivienda nueva;Media anual;2014;95,821.0
10 Comunitat Valenciana;Vivienda nueva;Media anual;2013;95,801.0
10 Comunitat Valenciana;Vivienda nueva;Media anual;2012;104,666.0
10 Comunitat Valenciana;Vivienda nueva;Media anual;2011;118,821.0
10 Comunitat Valenciana;Vivienda nueva;Media anual;2010;126,265.0
10 Comunitat Valenciana;Vivienda nueva;Media anual;2009;131,690.0
10 Comunitat Valenciana;Vivienda nueva;Media anual;2008;136,10.0
10 Comunitat Valenciana;Vivienda nueva;Media anual;2007;127,557.0
10 Comunitat Valenciana;Vivienda nueva;Variación anual;2024;10,4.0
10 Comunitat Valenciana;Vivienda nueva;Variación anual;2023;9,0.0
10 Comunitat Valenciana;Vivienda nueva;Variación anual;2022;8,1.0
10 Comunitat Valenciana;Vivienda nueva;Variación anual;2021;4,0.0
10 Comunitat Valenciana;Vivienda nueva;Variación anual;2020;5,4.0
10 Comunitat Valenciana;Vivienda nueva;Variación anual;2019;6,9.0
10 Comunitat Valenciana;Vivienda nueva;Variación anual;2018;5,8.0
10 Comunitat Valenciana;Vivienda nueva;Variación anual;2017;3,2.0
10 Comunitat Valenciana;Vivienda nueva;Variación anual;2016;6,1.0
10 Comunitat Valenciana;Vivienda nueva;Variación anual;2015;4,4.0
10 Comunitat Valenciana;Vivienda nueva;Variación anual;2014;0,0.0
10 Comunitat Valenciana;Vivienda nueva;Variación anual;2013;-8,5.0
10 Comunitat Valenciana;Vivienda nueva;Variación anual;2012;-11,9.0
10 Comunitat Valenciana;Vivienda nueva;Variación anual;2011;-5,9.0
10 Comunitat Valenciana;Vivienda nueva;Variación anual;2010;-4,1.0
10 Comunitat Valenciana;Vivienda nueva;Variación anual;2009;-3,2.0
10 Comunitat Valenciana;Vivienda nueva;Variación anual;2008;6,6.0
10 Comunitat Valenciana;Vivienda nueva;Variación anual;2007;13,0.0
10 Comunitat Valenciana;Vivienda segunda mano;Media anual;2024;143,848.0
10 Comunitat Valenciana;Vivienda segunda mano;Media anual;2023;132,181.0
10 Comunitat Valenciana;Vivienda segunda mano;Media anual;2022;128,210.0
10 Comunitat Valenciana;Vivienda segunda mano;Media anual;2021;119,815.0
10 Comunitat Valenciana;Vivienda segunda mano;Media anual;2020;114,761.0
10 Comunitat Valenciana;Vivienda segunda mano;Media anual;2019;112,895.0
10 Comunitat Valenciana;Vivienda segunda mano;Media anual;2018;108,778.0
10 Comunitat Valenciana;Vivienda segunda mano;Media anual;2017;104,792.0
10 Comunitat Valenciana;Vivienda segunda mano;Media anual;2016;102,98.0
10 Comunitat Valenciana;Vivienda segunda mano;Media anual;2015;100,0.0
10 Comunitat Valenciana;Vivienda segunda mano;Media anual;2014;97,942.0
10 Comunitat Valenciana;Vivienda segunda mano;Media anual;2013;96,626.0
10 Comunitat Valenciana;Vivienda segunda mano;Media anual;2012;106,374.0
10 Comunitat Valenciana;Vivienda segunda mano;Media anual;2011;124,839.0
10 Comunitat Valenciana;Vivienda segunda mano;Media anual;2010;137,101.0
10 Comunitat Valenciana;Vivienda segunda mano;Media anual;2009;139,401.0
10 Comunitat Valenciana;Vivienda segunda mano;Media anual;2008;151,532.0
10 Comunitat Valenciana;Vivienda segunda mano;Media anual;2007;155,598.0
10 Comunitat Valenciana;Vivienda segunda mano;Variación anual;2024;8,8.0
10 Comunitat Valenciana;Vivienda segunda mano;Variación anual;2023;3,1.0
10 Comunitat Valenciana;Vivienda segunda mano;Variación anual;2022;7,0.0
10 Comunitat Valenciana;Vivienda segunda mano;Variación anual;2021;4,4.0
10 Comunitat Valenciana;Vivienda segunda mano;Variación anual;2020;1,7.0
10 Comunitat Valenciana;Vivienda segunda mano;Variación anual;2019;3,8.0
10 Comunitat Valenciana;Vivienda segunda mano;Variación anual;2018;3,8.0
10 Comunitat Valenciana;Vivienda segunda mano;Variación anual;2017;2,6.0
10 Comunitat Valenciana;Vivienda segunda mano;Variación anual;2016;2,1.0
10 Comunitat Valenciana;Vivienda segunda mano;Variación anual;2015;2,1.0
10 Comunitat Valenciana;Vivienda segunda mano;Variación anual;2014;1,4.0
10 Comunitat Valenciana;Vivienda segunda mano;Variación anual;2013;-9,2.0
10 Comunitat Valenciana;Vivienda segunda mano;Variación anual;2012;-14,8.0
10 Comunitat Valenciana;Vivienda segunda mano;Variación anual;2011;-8,9.0
10 Comunitat Valenciana;Vivienda segunda mano;Variación anual;2010;-1,6.0
10 Comunitat Valenciana;Vivienda segunda mano;Variación anual;2009;-8,0.0
10 Comunitat Valenciana;Vivienda segunda mano;Variación anual;2008;-2,6.0
10 Comunitat Valenciana;Vivienda segunda mano;Variación anual;2007;11,2.0
11 Extremadura;General;Media anual;2024;124,857.0
11 Extremadura;General;Media anual;2023;116,364.0
11 Extremadura;General;Media anual;2022;114,612.0
11 Extremadura;General;Media anual;2021;108,771.0
11 Extremadura;General;Media anual;2020;106,309.0
11 Extremadura;General;Media anual;2019;105,765.0
11 Extremadura;General;Media anual;2018;103,737.0
11 Extremadura;General;Media anual;2017;101,850.0
11 Extremadura;General;Media anual;2016;101,430.0
11 Extremadura;General;Media anual;2015;100,0.0
11 Extremadura;General;Media anual;2014;98,126.0
11 Extremadura;General;Media anual;2013;102,356.0
11 Extremadura;General;Media anual;2012;120,66.0
11 Extremadura;General;Media anual;2011;130,763.0
11 Extremadura;General;Media anual;2010;139,248.0
11 Extremadura;General;Media anual;2009;137,260.0
11 Extremadura;General;Media anual;2008;137,785.0
11 Extremadura;General;Media anual;2007;133,573.0
11 Extremadura;General;Variación anual;2024;7,3.0
11 Extremadura;General;Variación anual;2023;1,5.0
11 Extremadura;General;Variación anual;2022;5,4.0
11 Extremadura;General;Variación anual;2021;2,3.0
11 Extremadura;General;Variación anual;2020;0,5.0
11 Extremadura;General;Variación anual;2019;2,0.0
11 Extremadura;General;Variación anual;2018;1,9.0
11 Extremadura;General;Variación anual;2017;0,4.0
11 Extremadura;General;Variación anual;2016;1,4.0
11 Extremadura;General;Variación anual;2015;1,9.0
11 Extremadura;General;Variación anual;2014;-4,1.0
11 Extremadura;General;Variación anual;2013;-14,7.0
11 Extremadura;General;Variación anual;2012;-8,2.0
11 Extremadura;General;Variación anual;2011;-6,1.0
11 Extremadura;General;Variación anual;2010;1,4.0
11 Extremadura;General;Variación anual;2009;-0,4.0
11 Extremadura;General;Variación anual;2008;3,2.0
11 Extremadura;General;Variación anual;2007;14,2.0
11 Extremadura;Vivienda nueva;Media anual;2024;154,309.0
11 Extremadura;Vivienda nueva;Media anual;2023;147,360.0
11 Extremadura;Vivienda nueva;Media anual;2022;143,780.0
11 Extremadura;Vivienda nueva;Media anual;2021;133,709.0
11 Extremadura;Vivienda nueva;Media anual;2020;130,794.0
11 Extremadura;Vivienda nueva;Media anual;2019;130,589.0
11 Extremadura;Vivienda nueva;Media anual;2018;118,593.0
11 Extremadura;Vivienda nueva;Media anual;2017;109,692.0
11 Extremadura;Vivienda nueva;Media anual;2016;107,470.0
11 Extremadura;Vivienda nueva;Media anual;2015;100,0.0
11 Extremadura;Vivienda nueva;Media anual;2014;95,468.0
11 Extremadura;Vivienda nueva;Media anual;2013;101,747.0
11 Extremadura;Vivienda nueva;Media anual;2012;122,518.0
11 Extremadura;Vivienda nueva;Media anual;2011;132,273.0
11 Extremadura;Vivienda nueva;Media anual;2010;137,475.0
11 Extremadura;Vivienda nueva;Media anual;2009;134,286.0
11 Extremadura;Vivienda nueva;Media anual;2008;132,377.0
11 Extremadura;Vivienda nueva;Media anual;2007;123,696.0
11 Extremadura;Vivienda nueva;Variación anual;2024;4,7.0
11 Extremadura;Vivienda nueva;Variación anual;2023;2,5.0
11 Extremadura;Vivienda nueva;Variación anual;2022;7,5.0
11 Extremadura;Vivienda nueva;Variación anual;2021;2,2.0
11 Extremadura;Vivienda nueva;Variación anual;2020;0,2.0
11 Extremadura;Vivienda nueva;Variación anual;2019;10,1.0
11 Extremadura;Vivienda nueva;Variación anual;2018;8,1.0
11 Extremadura;Vivienda nueva;Variación anual;2017;2,1.0
11 Extremadura;Vivienda nueva;Variación anual;2016;7,5.0
11 Extremadura;Vivienda nueva;Variación anual;2015;4,7.0
11 Extremadura;Vivienda nueva;Variación anual;2014;-6,2.0
11 Extremadura;Vivienda nueva;Variación anual;2013;-17,0.0
11 Extremadura;Vivienda nueva;Variación anual;2012;-7,4.0
11 Extremadura;Vivienda nueva;Variación anual;2011;-3,8.0
11 Extremadura;Vivienda nueva;Variación anual;2010;2,4.0
11 Extremadura;Vivienda nueva;Variación anual;2009;1,4.0
11 Extremadura;Vivienda nueva;Variación anual;2008;7,0.0
11 Extremadura;Vivienda nueva;Variación anual;2007;18,4.0
11 Extremadura;Vivienda segunda mano;Media anual;2024;122,668.0
11 Extremadura;Vivienda segunda mano;Media anual;2023;114,126.0
11 Extremadura;Vivienda segunda mano;Media anual;2022;112,473.0
11 Extremadura;Vivienda segunda mano;Media anual;2021;106,888.0
11 Extremadura;Vivienda segunda mano;Media anual;2020;104,456.0
11 Extremadura;Vivienda segunda mano;Media anual;2019;103,849.0
11 Extremadura;Vivienda segunda mano;Media anual;2018;102,332.0
11 Extremadura;Vivienda segunda mano;Media anual;2017;100,746.0
11 Extremadura;Vivienda segunda mano;Media anual;2016;100,531.0
11 Extremadura;Vivienda segunda mano;Media anual;2015;100,0.0
11 Extremadura;Vivienda segunda mano;Media anual;2014;98,631.0
11 Extremadura;Vivienda segunda mano;Media anual;2013;101,973.0
11 Extremadura;Vivienda segunda mano;Media anual;2012;117,755.0
11 Extremadura;Vivienda segunda mano;Media anual;2011;129,790.0
11 Extremadura;Vivienda segunda mano;Media anual;2010;143,277.0
11 Extremadura;Vivienda segunda mano;Media anual;2009;143,311.0
11 Extremadura;Vivienda segunda mano;Media anual;2008;146,305.0
11 Extremadura;Vivienda segunda mano;Media anual;2007;146,767.0
11 Extremadura;Vivienda segunda mano;Variación anual;2024;7,5.0
11 Extremadura;Vivienda segunda mano;Variación anual;2023;1,5.0
11 Extremadura;Vivienda segunda mano;Variación anual;2022;5,2.0
11 Extremadura;Vivienda segunda mano;Variación anual;2021;2,3.0
11 Extremadura;Vivienda segunda mano;Variación anual;2020;0,6.0
11 Extremadura;Vivienda segunda mano;Variación anual;2019;1,5.0
11 Extremadura;Vivienda segunda mano;Variación anual;2018;1,6.0
11 Extremadura;Vivienda segunda mano;Variación anual;2017;0,2.0
11 Extremadura;Vivienda segunda mano;Variación anual;2016;0,5.0
11 Extremadura;Vivienda segunda mano;Variación anual;2015;1,4.0
11 Extremadura;Vivienda segunda mano;Variación anual;2014;-3,3.0
11 Extremadura;Vivienda segunda mano;Variación anual;2013;-13,4.0
11 Extremadura;Vivienda segunda mano;Variación anual;2012;-9,3.0
11 Extremadura;Vivienda segunda mano;Variación anual;2011;-9,4.0
11 Extremadura;Vivienda segunda mano;Variación anual;2010;0,0.0
11 Extremadura;Vivienda segunda mano;Variación anual;2009;-2,0.0
11 Extremadura;Vivienda segunda mano;Variación anual;2008;-0,3.0
11 Extremadura;Vivienda segunda mano;Variación anual;2007;10,6.0
12 Galicia;General;Media anual;2024;142,155.0
12 Galicia;General;Media anual;2023;132,306.0
12 Galicia;General;Media anual;2022;127,685.0
12 Galicia;General;Media anual;2021;119,780.0
12 Galicia;General;Media anual;2020;114,516.0
12 Galicia;General;Media anual;2019;111,998.0
12 Galicia;General;Media anual;2018;107,673.0
12 Galicia;General;Media anual;2017;103,717.0
12 Galicia;General;Media anual;2016;101,957.0
12 Galicia;General;Media anual;2015;100,0.0
12 Galicia;General;Media anual;2014;98,655.0
12 Galicia;General;Media anual;2013;99,834.0
12 Galicia;General;Media anual;2012;112,385.0
12 Galicia;General;Media anual;2011;129,103.0
12 Galicia;General;Media anual;2010;136,11.0
12 Galicia;General;Media anual;2009;138,720.0
12 Galicia;General;Media anual;2008;140,439.0
12 Galicia;General;Media anual;2007;135,789.0
12 Galicia;General;Variación anual;2024;7,4.0
12 Galicia;General;Variación anual;2023;3,6.0
12 Galicia;General;Variación anual;2022;6,6.0
12 Galicia;General;Variación anual;2021;4,6.0
12 Galicia;General;Variación anual;2020;2,2.0
12 Galicia;General;Variación anual;2019;4,0.0
12 Galicia;General;Variación anual;2018;3,8.0
12 Galicia;General;Variación anual;2017;1,7.0
12 Galicia;General;Variación anual;2016;2,0.0
12 Galicia;General;Variación anual;2015;1,4.0
12 Galicia;General;Variación anual;2014;-1,2.0
12 Galicia;General;Variación anual;2013;-11,2.0
12 Galicia;General;Variación anual;2012;-12,9.0
12 Galicia;General;Variación anual;2011;-5,1.0
12 Galicia;General;Variación anual;2010;-2,0.0
12 Galicia;General;Variación anual;2009;-1,2.0
12 Galicia;General;Variación anual;2008;3,4.0
12 Galicia;General;Variación anual;2007;11,4.0
12 Galicia;Vivienda nueva;Media anual;2024;173,808.0
12 Galicia;Vivienda nueva;Media anual;2023;160,524.0
12 Galicia;Vivienda nueva;Media anual;2022;146,643.0
12 Galicia;Vivienda nueva;Media anual;2021;136,273.0
12 Galicia;Vivienda nueva;Media anual;2020;131,970.0
12 Galicia;Vivienda nueva;Media anual;2019;125,79.0
12 Galicia;Vivienda nueva;Media anual;2018;116,914.0
12 Galicia;Vivienda nueva;Media anual;2017;108,880.0
12 Galicia;Vivienda nueva;Media anual;2016;105,297.0
12 Galicia;Vivienda nueva;Media anual;2015;100,0.0
12 Galicia;Vivienda nueva;Media anual;2014;97,266.0
12 Galicia;Vivienda nueva;Media anual;2013;97,559.0
12 Galicia;Vivienda nueva;Media anual;2012;109,642.0
12 Galicia;Vivienda nueva;Media anual;2011;124,967.0
12 Galicia;Vivienda nueva;Media anual;2010;130,62.0
12 Galicia;Vivienda nueva;Media anual;2009;133,208.0
12 Galicia;Vivienda nueva;Media anual;2008;132,458.0
12 Galicia;Vivienda nueva;Media anual;2007;123,908.0
12 Galicia;Vivienda nueva;Variación anual;2024;8,3.0
12 Galicia;Vivienda nueva;Variación anual;2023;9,5.0
12 Galicia;Vivienda nueva;Variación anual;2022;7,6.0
12 Galicia;Vivienda nueva;Variación anual;2021;3,3.0
12 Galicia;Vivienda nueva;Variación anual;2020;5,5.0
12 Galicia;Vivienda nueva;Variación anual;2019;7,0.0
12 Galicia;Vivienda nueva;Variación anual;2018;7,4.0
12 Galicia;Vivienda nueva;Variación anual;2017;3,4.0
12 Galicia;Vivienda nueva;Variación anual;2016;5,3.0
12 Galicia;Vivienda nueva;Variación anual;2015;2,8.0
12 Galicia;Vivienda nueva;Variación anual;2014;-0,3.0
12 Galicia;Vivienda nueva;Variación anual;2013;-11,0.0
12 Galicia;Vivienda nueva;Variación anual;2012;-12,3.0
12 Galicia;Vivienda nueva;Variación anual;2011;-3,9.0
12 Galicia;Vivienda nueva;Variación anual;2010;-2,4.0
12 Galicia;Vivienda nueva;Variación anual;2009;0,6.0
12 Galicia;Vivienda nueva;Variación anual;2008;6,9.0
12 Galicia;Vivienda nueva;Variación anual;2007;12,6.0
12 Galicia;Vivienda segunda mano;Media anual;2024;136,953.0
12 Galicia;Vivienda segunda mano;Media anual;2023;127,564.0
12 Galicia;Vivienda segunda mano;Media anual;2022;124,252.0
12 Galicia;Vivienda segunda mano;Media anual;2021;116,769.0
12 Galicia;Vivienda segunda mano;Media anual;2020;111,447.0
12 Galicia;Vivienda segunda mano;Media anual;2019;109,460.0
12 Galicia;Vivienda segunda mano;Media anual;2018;105,738.0
12 Galicia;Vivienda segunda mano;Media anual;2017;102,436.0
12 Galicia;Vivienda segunda mano;Media anual;2016;100,974.0
12 Galicia;Vivienda segunda mano;Media anual;2015;100,0.0
12 Galicia;Vivienda segunda mano;Media anual;2014;98,962.0
12 Galicia;Vivienda segunda mano;Media anual;2013;99,849.0
12 Galicia;Vivienda segunda mano;Media anual;2012;112,820.0
12 Galicia;Vivienda segunda mano;Media anual;2011;131,614.0
12 Galicia;Vivienda segunda mano;Media anual;2010;141,972.0
12 Galicia;Vivienda segunda mano;Media anual;2009;143,491.0
12 Galicia;Vivienda segunda mano;Media anual;2008;150,97.0
12 Galicia;Vivienda segunda mano;Media anual;2007;153,77.0
12 Galicia;Vivienda segunda mano;Variación anual;2024;7,4.0
12 Galicia;Vivienda segunda mano;Variación anual;2023;2,7.0
12 Galicia;Vivienda segunda mano;Variación anual;2022;6,4.0
12 Galicia;Vivienda segunda mano;Variación anual;2021;4,8.0
12 Galicia;Vivienda segunda mano;Variación anual;2020;1,8.0
12 Galicia;Vivienda segunda mano;Variación anual;2019;3,5.0
12 Galicia;Vivienda segunda mano;Variación anual;2018;3,2.0
12 Galicia;Vivienda segunda mano;Variación anual;2017;1,4.0
12 Galicia;Vivienda segunda mano;Variación anual;2016;1,0.0
12 Galicia;Vivienda segunda mano;Variación anual;2015;1,0.0
12 Galicia;Vivienda segunda mano;Variación anual;2014;-0,9.0
12 Galicia;Vivienda segunda mano;Variación anual;2013;-11,5.0
12 Galicia;Vivienda segunda mano;Variación anual;2012;-14,3.0
12 Galicia;Vivienda segunda mano;Variación anual;2011;-7,3.0
12 Galicia;Vivienda segunda mano;Variación anual;2010;-1,1.0
12 Galicia;Vivienda segunda mano;Variación anual;2009;-4,4.0
12 Galicia;Vivienda segunda mano;Variación anual;2008;-1,9.0
12 Galicia;Vivienda segunda mano;Variación anual;2007;9,7.0
16 País Vasco;General;Media anual;2024;147,897.0
16 País Vasco;General;Media anual;2023;136,316.0
16 País Vasco;General;Media anual;2022;131,765.0
16 País Vasco;General;Media anual;2021;123,882.0
16 País Vasco;General;Media anual;2020;121,362.0
16 País Vasco;General;Media anual;2019;118,688.0
16 País Vasco;General;Media anual;2018;113,748.0
16 País Vasco;General;Media anual;2017;107,890.0
16 País Vasco;General;Media anual;2016;102,574.0
16 País Vasco;General;Media anual;2015;100,0.0
16 País Vasco;General;Media anual;2014;99,40.0
16 País Vasco;General;Media anual;2013;99,535.0
16 País Vasco;General;Media anual;2012;108,614.0
16 País Vasco;General;Media anual;2011;127,966.0
16 País Vasco;General;Media anual;2010;138,620.0
16 País Vasco;General;Media anual;2009;140,915.0
16 País Vasco;General;Media anual;2008;157,62.0
16 País Vasco;General;Media anual;2007;162,865.0
16 País Vasco;General;Variación anual;2024;8,5.0
16 País Vasco;General;Variación anual;2023;3,5.0
16 País Vasco;General;Variación anual;2022;6,4.0
16 País Vasco;General;Variación anual;2021;2,1.0
16 País Vasco;General;Variación anual;2020;2,3.0
16 País Vasco;General;Variación anual;2019;4,3.0
16 País Vasco;General;Variación anual;2018;5,4.0
16 País Vasco;General;Variación anual;2017;5,2.0
16 País Vasco;General;Variación anual;2016;2,6.0
16 País Vasco;General;Variación anual;2015;1,0.0
16 País Vasco;General;Variación anual;2014;-0,5.0
16 País Vasco;General;Variación anual;2013;-8,4.0
16 País Vasco;General;Variación anual;2012;-15,1.0
16 País Vasco;General;Variación anual;2011;-7,7.0
16 País Vasco;General;Variación anual;2010;-1,6.0
16 País Vasco;General;Variación anual;2009;-10,3.0
16 País Vasco;General;Variación anual;2008;-3,6.0
16 País Vasco;General;Variación anual;2007;8,2.0
16 País Vasco;Vivienda nueva;Media anual;2024;181,62.0
16 País Vasco;Vivienda nueva;Media anual;2023;159,408.0
16 País Vasco;Vivienda nueva;Media anual;2022;150,195.0
16 País Vasco;Vivienda nueva;Media anual;2021;140,758.0
16 País Vasco;Vivienda nueva;Media anual;2020;136,589.0
16 País Vasco;Vivienda nueva;Media anual;2019;127,749.0
16 País Vasco;Vivienda nueva;Media anual;2018;119,240.0
16 País Vasco;Vivienda nueva;Media anual;2017;111,409.0
16 País Vasco;Vivienda nueva;Media anual;2016;104,107.0
16 País Vasco;Vivienda nueva;Media anual;2015;100,0.0
16 País Vasco;Vivienda nueva;Media anual;2014;98,171.0
16 País Vasco;Vivienda nueva;Media anual;2013;96,711.0
16 País Vasco;Vivienda nueva;Media anual;2012;100,497.0
16 País Vasco;Vivienda nueva;Media anual;2011;119,64.0
16 País Vasco;Vivienda nueva;Media anual;2010;125,460.0
16 País Vasco;Vivienda nueva;Media anual;2009;130,788.0
16 País Vasco;Vivienda nueva;Media anual;2008;139,285.0
16 País Vasco;Vivienda nueva;Media anual;2007;136,962.0
16 País Vasco;Vivienda nueva;Variación anual;2024;13,6.0
16 País Vasco;Vivienda nueva;Variación anual;2023;6,1.0
16 País Vasco;Vivienda nueva;Variación anual;2022;6,7.0
16 País Vasco;Vivienda nueva;Variación anual;2021;3,1.0
16 País Vasco;Vivienda nueva;Variación anual;2020;6,9.0
16 País Vasco;Vivienda nueva;Variación anual;2019;7,1.0
16 País Vasco;Vivienda nueva;Variación anual;2018;7,0.0
16 País Vasco;Vivienda nueva;Variación anual;2017;7,0.0
16 País Vasco;Vivienda nueva;Variación anual;2016;4,1.0
16 País Vasco;Vivienda nueva;Variación anual;2015;1,9.0
16 País Vasco;Vivienda nueva;Variación anual;2014;1,5.0
16 País Vasco;Vivienda nueva;Variación anual;2013;-3,8.0
16 País Vasco;Vivienda nueva;Variación anual;2012;-15,6.0
16 País Vasco;Vivienda nueva;Variación anual;2011;-5,1.0
16 País Vasco;Vivienda nueva;Variación anual;2010;-4,1.0
16 País Vasco;Vivienda nueva;Variación anual;2009;-6,1.0
16 País Vasco;Vivienda nueva;Variación anual;2008;1,7.0
16 País Vasco;Vivienda nueva;Variación anual;2007;9,5.0
16 País Vasco;Vivienda segunda mano;Media anual;2024;141,302.0
16 País Vasco;Vivienda segunda mano;Media anual;2023;131,576.0
16 País Vasco;Vivienda segunda mano;Media anual;2022;127,915.0
16 País Vasco;Vivienda segunda mano;Media anual;2021;120,384.0
16 País Vasco;Vivienda segunda mano;Media anual;2020;118,96.0
16 País Vasco;Vivienda segunda mano;Media anual;2019;116,695.0
16 País Vasco;Vivienda segunda mano;Media anual;2018;112,403.0
16 País Vasco;Vivienda segunda mano;Media anual;2017;106,957.0
16 País Vasco;Vivienda segunda mano;Media anual;2016;102,123.0
16 País Vasco;Vivienda segunda mano;Media anual;2015;100,0.0
16 País Vasco;Vivienda segunda mano;Media anual;2014;99,403.0
16 País Vasco;Vivienda segunda mano;Media anual;2013;101,709.0
16 País Vasco;Vivienda segunda mano;Media anual;2012;114,648.0
16 País Vasco;Vivienda segunda mano;Media anual;2011;134,354.0
16 País Vasco;Vivienda segunda mano;Media anual;2010;148,685.0
16 País Vasco;Vivienda segunda mano;Media anual;2009;147,823.0
16 País Vasco;Vivienda segunda mano;Media anual;2008;169,970.0
16 País Vasco;Vivienda segunda mano;Media anual;2007;182,26.0
16 País Vasco;Vivienda segunda mano;Variación anual;2024;7,4.0
16 País Vasco;Vivienda segunda mano;Variación anual;2023;2,9.0
16 País Vasco;Vivienda segunda mano;Variación anual;2022;6,3.0
16 País Vasco;Vivienda segunda mano;Variación anual;2021;1,9.0
16 País Vasco;Vivienda segunda mano;Variación anual;2020;1,2.0
16 País Vasco;Vivienda segunda mano;Variación anual;2019;3,8.0
16 País Vasco;Vivienda segunda mano;Variación anual;2018;5,1.0
16 País Vasco;Vivienda segunda mano;Variación anual;2017;4,7.0
16 País Vasco;Vivienda segunda mano;Variación anual;2016;2,1.0
16 País Vasco;Vivienda segunda mano;Variación anual;2015;0,6.0
16 País Vasco;Vivienda segunda mano;Variación anual;2014;-2,3.0
16 País Vasco;Vivienda segunda mano;Variación anual;2013;-11,3.0
16 País Vasco;Vivienda segunda mano;Variación anual;2012;-14,7.0
16 País Vasco;Vivienda segunda mano;Variación anual;2011;-9,6.0
16 País Vasco;Vivienda segunda mano;Variación anual;2010;0,6.0
16 País Vasco;Vivienda segunda mano;Variación anual;2009;-13,0.0
16 País Vasco;Vivienda segunda mano;Variación anual;2008;-6,6.0
16 País Vasco;Vivienda segunda mano;Variación anual;2007;7,5.0
18 Ceuta;General;Media anual;2024;177,567.0
18 Ceuta;General;Media anual;2023;162,742.0
18 Ceuta;General;Media anual;2022;154,237.0
18 Ceuta;General;Media anual;2021;142,35.0
18 Ceuta;General;Media anual;2020;136,953.0
18 Ceuta;General;Media anual;2019;131,165.0
18 Ceuta;General;Media anual;2018;121,766.0
18 Ceuta;General;Media anual;2017;112,251.0
18 Ceuta;General;Media anual;2016;105,155.0
18 Ceuta;General;Media anual;2015;100,0.0
18 Ceuta;General;Media anual;2014;95,132.0
18 Ceuta;General;Media anual;2013;94,834.0
18 Ceuta;General;Media anual;2012;101,323.0
18 Ceuta;General;Media anual;2011;115,555.0
18 Ceuta;General;Media anual;2010;126,516.0
18 Ceuta;General;Media anual;2009;131,519.0
18 Ceuta;General;Media anual;2008;137,436.0
18 Ceuta;General;Media anual;2007;135,988.0
18 Ceuta;General;Variación anual;2024;9,1.0
18 Ceuta;General;Variación anual;2023;5,5.0
18 Ceuta;General;Variación anual;2022;8,6.0
18 Ceuta;General;Variación anual;2021;3,7.0
18 Ceuta;General;Variación anual;2020;4,4.0
18 Ceuta;General;Variación anual;2019;7,7.0
18 Ceuta;General;Variación anual;2018;8,5.0
18 Ceuta;General;Variación anual;2017;6,7.0
18 Ceuta;General;Variación anual;2016;5,2.0
18 Ceuta;General;Variación anual;2015;5,1.0
18 Ceuta;General;Variación anual;2014;0,3.0
18 Ceuta;General;Variación anual;2013;-6,4.0
18 Ceuta;General;Variación anual;2012;-12,3.0
18 Ceuta;General;Variación anual;2011;-8,7.0
18 Ceuta;General;Variación anual;2010;-3,8.0
18 Ceuta;General;Variación anual;2009;-4,3.0
18 Ceuta;General;Variación anual;2008;1,1.0
18 Ceuta;General;Variación anual;2007;14,5.0
19 Melilla;General;Media anual;2024;172,359.0
19 Melilla;General;Media anual;2023;159,572.0
19 Melilla;General;Media anual;2022;151,476.0
19 Melilla;General;Media anual;2021;139,775.0
19 Melilla;General;Media anual;2020;131,444.0
19 Melilla;General;Media anual;2019;125,786.0
19 Melilla;General;Media anual;2018;119,512.0
19 Melilla;General;Media anual;2017;110,874.0
19 Melilla;General;Media anual;2016;105,340.0
19 Melilla;General;Media anual;2015;100,0.0
19 Melilla;General;Media anual;2014;96,600.0
19 Melilla;General;Media anual;2013;96,169.0
19 Melilla;General;Media anual;2012;110,50.0
19 Melilla;General;Media anual;2011;124,837.0
19 Melilla;General;Media anual;2010;137,679.0
19 Melilla;General;Media anual;2009;137,10.0
19 Melilla;General;Media anual;2008;134,165.0
19 Melilla;General;Media anual;2007;130,89.0
19 Melilla;General;Variación anual;2024;8,0.0
19 Melilla;General;Variación anual;2023;5,3.0
19 Melilla;General;Variación anual;2022;8,4.0
19 Melilla;General;Variación anual;2021;6,3.0
19 Melilla;General;Variación anual;2020;4,5.0
19 Melilla;General;Variación anual;2019;5,2.0
19 Melilla;General;Variación anual;2018;7,8.0
19 Melilla;General;Variación anual;2017;5,3.0
19 Melilla;General;Variación anual;2016;5,3.0
19 Melilla;General;Variación anual;2015;3,5.0
19 Melilla;General;Variación anual;2014;0,4.0
19 Melilla;General;Variación anual;2013;-12,6.0
19 Melilla;General;Variación anual;2012;-11,8.0
19 Melilla;General;Variación anual;2011;-9,3.0
19 Melilla;General;Variación anual;2010;0,5.0
19 Melilla;General;Variación anual;2009;2,1.0
19 Melilla;General;Variación anual;2008;3,1.0
19 Melilla;General;Variación anual;2007;15,5.0
